"Parameter","mean","SE","lower bound","upper bound","$\hat{R}$"
"Intercept",635.584828875,7.60459204692985,621.07095,651.38725,1.01398622982698
"Condition",14.89932186875,0.905793984425416,13.1130725,16.683025,1.00007273404816
"Prime Duration",-3.430791348375,0.844012383823298,-5.089591,-1.7942635,1.00021532980086
"Condition:Prime Duration",4.50280640175,0.863402197446204,2.82478575,6.22888875,1.00052662064193
