"Parameter","mean","SE","lower bound","upper bound","$\hat{R}$"
"Intercept ($\mu$)",633.70729075,8.81484029949259,617.141925,651.175075,1.00642148876591
"Intercept ($\beta$)",4.685598861875,0.0423161428190515,4.60134825,4.76765,1.00146812790479
"Relatedness ($\mu$)",31.55096535,2.22821765847145,27.16189,35.915315,1.00028887810604
"Prime Duration ($\mu$)",-10.9591821975,1.94670123762874,-14.8251,-7.1054795,1.00027042326815
"Relatedness:Prime Duration ($\mu$)",19.3063689049375,4.02561025275998,11.3877575,27.0941425,1.00007716683981
"Relatedness ($\beta$)",0.03100612925495,0.0215241969669388,-0.010612455,0.0733060725,1.00033893156036
"Prime Duration ($\beta$)",-0.07396653292145,0.0237142661646014,-0.1202765,-0.0276332775,0.999963367942686
"Relatedness:Prime Duration ($\beta$)",0.0313125292873013,0.0422942473631274,-0.050823905,0.1151791,1.00000973243549
