"Parameter","mean","SE","lower bound","upper bound","$\hat{R}$"
"Intercept ($\mu$)",633.6199046875,6.50402186594995,620.9358,646.430025,1.00896192587372
"Intercept ($\beta$)",4.6693765375,0.0310823607896522,4.607219,4.7288435,1.00329908836447
"Condition ($\mu$)",31.35306054375,1.87763758547383,27.6591875,35.006435,1.00080079597896
"Prime Duration ($\mu$)",-11.38153753125,1.70387743247601,-14.7456325,-8.0183735,1.00065996256347
"Condition:Prime Duration ($\mu$)",19.3089446625,3.69856363882932,12.1405625,26.45516,0.999992416514711
"Condition ($\beta$)",0.031532909177215,0.0197187034229532,-0.00718572025,0.0701080375,1.0000418326886
"Prime Duration ($\beta$)",-0.08110579735625,0.0219751093576588,-0.12415925,-0.0380084425,1.00010617781845
"Condition:Prime Duration ($\beta$)",0.0291373458698021,0.0413119945362179,-0.0521951425,0.1100205,1.00028698473581
