"mean","SE.Estimate","SE.Est.Error","SE.l-95% CI","SE.u-95% CI","SE.Rhat","SE.Bulk_ESS","SE.Tail_ESS"
"Intercept",  635.5848289,    7.6045920,  621.0709500,  651.3872500,    1.0139862,  457.0000000,  859.0000000
"Condition",   14.8993219,    0.9057940,   13.1130725,   16.6830250,    1.0000727, 9516.0000000,11784.0000000
"Prime Duration",   -3.4307913,    0.8440124,   -5.0895910,   -1.7942635,    1.0002153,13411.0000000,12750.0000000
"Condition:Prime Duration",    4.5028064,    0.8634022,    2.8247858,    6.2288887,    1.0005266,12117.0000000,12620.0000000
