"Parameter","mean","SE","lower bound","upper bound","$\hat{R}$"
"Intercept",3.735488189375,0.134877223039636,3.47748675,4.0054715,1.00040726309493
"Condition",-0.109527124785387,0.0536804720776048,-0.21545115,-0.00669141375000009,1.00004030478742
"Prime Duration",-0.0275769683477019,0.0622517436593057,-0.153885925,0.0895683925,1.00028701993758
"Condition:Prime Duration",-0.178095620433125,0.0545212846429801,-0.29198205,-0.07745034,1.00011158562104
