"Parameter","mean","SE","lower bound","upper bound","$\hat{R}$"
"Intercept",3.734291296875,0.134944436608039,3.476285,4.00707025,1.00016918558818
"Relatedness",-0.217475291495891,0.109495847022867,-0.434456325,-0.00381202425000007,1.00034248796769
"Prime Duration",-0.0548930943317915,0.125805428353678,-0.3062048,0.1841539,0.999982306884561
"Relatedness:Prime Duration",-0.709523597157187,0.21787350936399,-1.15698275,-0.3046357,1.00045265663669
